text,summary,cosine_similarity
"Ive noticed that a lot of the time when im depressed ill generally get suicidal thoughts. Ive never attempted it, but I feel like the only reason I dont do it in these bouts of depression is because I know my parents would be sad and because I love my dog. I know it would break their hearts and ruin their whole lives if I did do it, and it would hurt some of the people at my work for sure, but it would just make everything so much easier. Obviously these arent normal thoughts to people who are always happy with everything going right in their lives, but im curious out of those who are depressed is it a normal or common thought? Even if you dont attempt to go through with it or plan to, just the thought of it.",I have been having a bit of a hard time lately with my depression and I have been wondering if anyone has ever had suicidal thoughts?,0.7016483545303345
"I‚Äôm sitting here with a gun in my hand. my household is so negative, I feel like nobody is satisfied with anything I do. I can‚Äôt ever express my emotions to anyone because I come off the wrong way to everyone. My depression is at it‚Äôs lowest and i‚Äôm just so over everything.","I‚Äôm sitting here with a gun in my hand, I feel like nobody is satisfied with anything I do.",0.6047005653381348
"Hello all, is anyone able to give me advice on how to best support my girlfriend who struggles greatly with depression? 

I am currently making sure that our home is clean and trying my best to make a lunch for her every day and listening when she is open to talking but I need some help supporting her better. 

She doesn‚Äôt have any family to lean on, and she has a hard time reaching out to friends. 

If you could snap your fingers and have your partner do one thing to support you best through depressive episodes (and every other day), what would it be?",What would you do if you could snap your fingers and have your partner do one thing to support you best through depressive episodes (and every other day)?,0.6260395646095276
"since the very end of 2016, haven't hugged anyone or can I say that no one ever gives me a hugÔºüfeels like I can not trust anyone wholeheartedly, and knowing that nobody has the responsibility to accept my negative emotions and trash feelings, I don't deserve them to do so. feels terrible when you know that all the flowers will perish and kept thinking why bother planting those flowers at the beginning to just see them die anyway Ôºü

I don't even wanna share those mental shits with anyone, cuz it makes me feel bad and guilty, why should I make someone feel sad about my mental situation while im already suffering from depression Ôºü

I know all those theorises about how you should fight against depression but I just couldn't act ÔºÅjust like a guy who broke both of his legs and he just couldn't fucking walk, and those ones around him just keep telling: ""be strong and learn to walk "" 

man, imma losing my mind, depression doesn't kill me like a bullet through the head but it kills me everyday, holding a knife and everyday slice a piece of meat of my flesh ,then I got numb while bleeding and suffering 

I don't wanna off myself, but it's just damn painful from inside 

I just feel sorry","I've been suffering from depression for the last year and a half and it's killing me everyday, holding a knife and everyday slice a piece of meat of my flesh, but it's just damn painful from inside I don't wanna off myself, but it's just",0.6188654899597168
I‚Äôm scared of what it could reveal about me. I‚Äôm scared of being analyzed. I‚Äôm scared I‚Äôm beyond fix. I‚Äôm scared I‚Äôm not who I really am. I‚Äôm scared I‚Äôll be more fucked up than I thought. I‚Äôm scared I‚Äôll frustrate them. I‚Äôm scared it‚Äôll bring more trauma than I thought. I‚Äôm scared it‚Äôll change me for the worse.,I‚Äôm scared of what it will reveal about me. I‚Äôm scared it‚Äôll change me for the worse.,0.8427531719207764
"Is feeling secure in times of sadness a common thing? It used to happen to me a lot more, then it stopped happening, and now it‚Äôs starting to happen again. For some reason I feel a sort of safeness when I‚Äôm feeling absolutely defeated and numb. Like ya I feel awful but there‚Äôs something so safe about the feeling I can‚Äôt even describe it. Does anyone else have these feelings?

Edit: wow it‚Äôs amazing to hear all of the responses. It really makes me feel like I‚Äôm not alone in this. Thank you for sharing guys. My dms are always open if anyone needs anything I‚Äôd love to help :)

Also thank you so much for the silver!",I‚Äôm having a bit of a problem with feeling secure in times of sadness.,0.7337294816970825
"I‚Äôm a very forgiving person but she did something you can‚Äôt do to me and that is telling me for the first time in 10 years after I finally opened up to her about my depression and shit and she said wow brother ok I‚Äôll be here for you as much as I can, 3 days later i opened up and told her something very private and it was something I was happy about and she told me I was being disrespectful to her I literally couldn‚Äôt believe I trusted her I have the screenshots of the texts nothing I said was bad except me opening up about a realization I had.

It‚Äôs gotten so bad that I‚Äôve felt for a long time she may suffer from narcissistic traits and it‚Äôs gotten so bad for me that I‚Äôm no longer willing to allow her to continue on and let her abuse me so much so that I‚Äôm hoping one of you on here can speak her language and get her to realize what she‚Äôs doing 

My sister for the past 10 years has not one single time shown me she cares or even wants to understand my pain or struggles to the point we haven‚Äôt spoke like regular humans in 10 years all we do is every now and then we say ok let‚Äôs try to work out or problems and almost immediately she does something to make me feel like I did something so wrong she wants nothing to do with me.",My sister has been abusing me for the past 10 years and it‚Äôs gotten so bad that I‚Äôm no longer willing to allow her to continue on and let her abuse me so much so that I‚Äôm hoping one of you on here can speak her language and get her to realize,0.7107595205307007
"I've been dealing with phycosis and Schizophrenia (the schizophrenia being suspected by my therapist and gp but not confirmed) since I can remember and going through traumatic experiences certainly didn't help my development. 
I feel like, if I overcome one issue, my brain creates another. I can never find peace. 
I get to a point where I feel happy and then it all goes to shit. I literally have no control over my life. I've tried/am trying everything and every day now I just feel awful. Want to jump infront of a cat, off a building, slit my wrists. It's just unbearable..I'm not looking for a answers from you guys I'm just venting I guess. My religion I was raised in I've lost because they were actually a cult. So I've a hate for God (no offense to anyone who believes in god). I feel like I have no one. My family relationship is in tatters and idk if I'll ever be able to fix it. 
It's just panick attacks and crying and hating myself and everything around me every day you know? I'm good at hiding it. Some ppl know I'm not...doing the best but they have no idea how bad I really am. 
Whenever I try talk to someone it's just judgment or they say they can't handle it' even though I handle them when they're upset. I've just been the underdog my whole life and yeah. Been struggling more then I let on? Just need, a hug from someone who understands but not gonna get that lol. 
Hope everyone here is well!",I've been having a lot of panic attacks and crying and hating myself and everything around me every day you know?,0.6374289989471436
"I‚Äôm tired of working for nothing 
I‚Äôm tired of cleaning 
I‚Äôm tired of taking care of fucking everything I just wanna lay in bed for 3 days cry my eyes out and do nothing I have 0 motivation to do even the smallest things 

I just wanna scream at ever customer when they do shit they know not to do I wanna throw a fit because that the only way people around here get to do what they want and it‚Äôs stupid FUUUCCCCKKKK",I‚Äôm tired of working for nothing I‚Äôm tired of cleaning I‚Äôm tired of taking care of fucking everything I just wanna lay in bed for 3 days cry my eyes out and do nothing I have 0 motivation to do even the smallest things I just wanna scream at ever customer,0.957298755645752
I don't want to blame them of everything because the biggest trauma for me was school and the environment but my parents always have been very heavy towards myself and they compared myself to other people doing better than me. They criticized myself so much and i can't take their judgements off my mind. I can't talk to them cause they deny their mistakes and i don't really want to forgive them. I don't know how I should feel in this particular situation.,I'm 17 years old and I'm struggling with how to deal with my parents.,0.6487134695053101
"I'm a 17M trying to get a sick note from my doctor, problem is my depression/anxiety is so complex that even I can't explain it. There are so many thoughts always going around in my head I just can't really explain it that well. And I'm afraid my doctor wont understand me, and wont give me a sick note.

Any advice?","I'm a 17M trying to get a sick note from my doctor, problem is my depression/anxiety is so complex that even I can't explain it.",0.9372067451477051
"I get it ya know, the whole point of life is the journey. But some days I'm just so bored of everything and how repetitive life actually is that I just don't see the point. Life can change, things can change (that's probably why I still keep going, that and my family) but I just get so tired of it all. Besides family and the chance of getting ahead in life. I really dont see the point whatsoever. Even if I do get ahead in life (get a good job) what have you. What do I do then? 

I don't live in the moment... the joys of life just doesn't exist in my mind anymore.","I don't see the point in life, I don't see the joys of life anymore.",0.6310877203941345
"I know I have a couple things that set me off to feel super depressed sometimes, like being alone and hearing sad music or actually wanting to get my emotions out. What would you say gets you in a really dark place and how do you cope? I usually cope by playing guitar.",How do you cope when you're in a really dark place?,0.623625636100769
"I‚Äôm feeling really bad, and I don‚Äôt know how to handle it. Like the smallest things make me fall into a cycle of despair and I feel like I‚Äôll loose myself. And the problems aren‚Äôt horrible either like right now I lost my electronic pencil and without it I can‚Äôt study properly, and for some stupid reason the only thing I can think of is impulsive thoughts that will bring me harm. Like suddenly jumping out of the window, biting my lip till it bleeds or punching a window till it breaks. And for some reason thinking about the harm that it will bring me makes me feel better.

It happens every time and now with even the smallest things, and always ends up feeling like I need to harm myself and I‚Äôm increasingly going crazy. At first I just felt depressed and sad and wanted to die, but now I have this episodes that I loose myself. They‚Äôre even scarier than the ones I had before, and every time I‚Äôm feeling more unstable. I don‚Äôt know what‚Äôs going on, I don‚Äôt understand and I‚Äôm even more afraid of asking for help or people telling me that I‚Äôm exaggerating because the problems that make me spiral aren‚Äôt bad.","I don‚Äôt know what‚Äôs going on, I don‚Äôt understand, I‚Äôm afraid of asking for help or people telling me that I‚Äôm exaggerating because the problems that make me spiral aren‚Äôt bad.",0.6139723062515259
I think I'm going to hurt myself tonight . The reason being to feel something . I think . Also because I deserve it . This has been said thousands of times before by hundreds of thousands of others. I'm not special . Pain seems to be the only familiar feeling I know . I want to go through with killing myself soon.  Not just talking about it . It's time to step up,I think I'm going to hurt myself tonight . I think I'm going to hurt myself tonight .,0.7494946122169495
"Good day to everyone! Hope you're all doing great!  
I have a friend who had a hard depressive case mid last year followed up by a life/professional crisis.  
At the time I tried to be supportive and advocate for him/her to get professional help, which he/she did.  
Thankfully nowadays most of the crisis has stabilized and he/she is leading a healthier life as far as I can tell.  
That said, he's/she's not perfect as no one is and sometimes he/she does toxic things that might hurt the people around us.  
So I've been wondering, what would be a good way to go about talking with him/her about such problems.  
When/how is it ok to be critic with someone with such a condition?  


P.S.: I've read the rules and I think that I'm following them. Please let me know if I made a mistake.",What's the best way to talk to someone who has a mental health problem?,0.6276542544364929
"Hello,I have some problems.when i like sb I do what ever i can and do my best for them but none of them love me and thats the reason i hate my self help me pls i cant get rid of my toughts and it hurts i think nobody loves me","Hi everyone, I have a problem with sb and I hate my self help me because I cant get rid of my toughts and it hurts I think nobody loves me",0.8965178728103638
"Like I just want to end my life than trying to find someone. Whenever I hear someone make the effort or they‚Äôre in a new relationship, I wish I had a gun to blow my brains out.

My last relationship ended so horribly it made me face up on finding love cause people can be so cruel after being so loving and nice. 

I‚Äôm just so sad I don‚Äôt want to try anymore","I don‚Äôt want to try anymore, I don‚Äôt want to find love.",0.617543637752533
this isn‚Äôt a cry for help or anything. just a passing thought. but i think that depression will be the reason i die. i will never get better. it‚Äôs a cycle that never ever ends. i‚Äôm young now but one day i won‚Äôt be. one day i‚Äôm gonna be too tired to do this anymore.,i‚Äôm writing this to tell you that i‚Äôm going to die from depression.,0.6347301006317139
"I going through divorce I have 2 job going at school for nursing I already try to kill my self nothing is worthy for me I find out my wife she‚Äôs doing her life but I got stuck doing the right thing I date at couple girl but nothing is working

I got used to be lonely but right now I just want at hug my mom she‚Äôs not close I don‚Äôt want she get into my problem I going through economic problem my sexual life is done I don‚Äôt know what to do I going to therapy but I think they don‚Äôt care

I not sleeping for like 3 days already it‚Äôs fucking Christmas I tired of my life",I‚Äôve been through a lot in my life I‚Äôve been through divorce I‚Äôve been through economic problem my sexual life is done I don‚Äôt know what to do I going to therapy but they don‚Äôt care I not sleeping for like 3 days already it‚Äôs f,0.7799533009529114
"I have struggled with depression and anxiety for the last 10 years and recently I got diagnosed with bipolar. I have helped my mental health through research and I'm going to be starting a YouTube channel sharing the things and techniques,what have helped me, in the hopes I can help others. 

How often have you used videos to try and Improve your mental health. These videos will be coming from someone who still suffers and knows what it is like.","I'm going to be starting a YouTube channel sharing the things and techniques that have helped me, in the hopes I can help others.",0.6151340007781982
i wish anyone cared. i just wish i was truly loved. that i didnt have to chase people who always hurt me. im so tired. i just want someone to truly love me and care for me and won't get tired of me because of my symptoms. someone who understands. someone i can feel at peace with when im around. so that i dont have to have a constant guard up. no one i ever met made me feel that way. and it hurts so much. i dont want to live anymore. because no one will save me. and i need to be saved. im too tired. i am always abused and i jjust want to be at peace and loved.,i just want someone to love me and care for me because of my symptoms.,0.6293755769729614
"Ok so I‚Äôm very depressed and I recently became addicted to cutting myself but when other people see I feel like they think I‚Äôm doing it for attention and that makes me even more depressed. I just want to kill myself to show people that I‚Äôm not faking depression for attention. I also live in a very abusive house and when my parents found out I was cutting they beat the shit out of me and threatened to take my phone, also ever since I was a toddler I badly overreacted to anything and I‚Äôve always had really bad anger issues and adhd. I feel like god gave up on making me and just mixed every bad thing together. I also prayed to god to kill me in my sleep tonight so I hope that happens.",I‚Äôm 18 years old and I‚Äôve been cutting myself since I was a toddler because I‚Äôve always had bad anger issues and adhd.,0.6679296493530273
"I‚Äôve always been the person to check in on my friends. Ask them how they‚Äôre doing, ect. But nobody does the same for me. I get not sitting with me through anxiety attacks or other episodes but just asking how I am isn‚Äôt hard. Most of them barely respond to my texts. It‚Äôs not cause they don‚Äôt like me but it starts to feel like it when it‚Äôs days without a response. None of my friendships feel deep either. They all feel super shallow to me. And on top of that I‚Äôm an outcast with social anxiety so I can‚Äôt exactly make new friends easily. I‚Äôve tried to hard but gotten nowhere. I kinda want to die",I‚Äôve been having a hard time making new friends because of my anxiety.,0.6861337423324585
"For a long time I wondered what it was about me that made people dislike me I thought it was my personality, my height, my eye color, my hair color, the fact that I‚Äôm so pale or maybe even all of them. But I still don‚Äôt know what it is and it‚Äôs gotten to the point I don‚Äôt even like myself so much that I try to be a different person, life is sick and twisted honestly. You do all these things in life only to realize it doesn‚Äôt matter we‚Äôll all die anyway but it does make it better, while your living life your supposed to enjoy it but I can‚Äôt seem to when I know how insignificant and unimportant I am. I just wish I knew what it was that people really repelled me like I was the plague. I‚Äôm not trying to sound like a self pity but I guess I‚Äôm just tired of being nothing for so long.",I don‚Äôt know what it is about me that makes people dislike me.,0.6606130003929138
I finally went to a psychiatrist for the first time and I am starting Prozac 10mg tomorrow (for one week then have been instructed to increase to 20mg). Does anyone have any advice? I am a pretty heavy drinker and drink frequently throughout the week and wanted to know if I should try to avoid alcohol completely as this is my first time taking medicine so I‚Äôm not really sure what to expect. Has anyone had any positive/negative experiences with this - just a little nervous about it all.,I have been suffering from depression for the last year or so and have been told by my GP that I need to take Prozac.,0.6231279373168945
"Early in the morning my mother called me, and i'm greeted with my mother crying and telling me my father died of at the hospital today due to kidnzy failure, i don't know what to do and i just feel empty and exhausted, it's hard to watch my brother grieve over my father


the burden and consequinces of my father dying is too heavy, i have to be the father figure of my brother now, not mention i'll be the one managing all of the money on my father bussiness...i don't think i can do all of this

 this is the worst year ever, not only my father died this year, several others of my close friends also died this year

all of this just doesn't feel real and i don't want it to be real, perphaps i'm living on the wrong timeline","This is the worst year ever, my father died this year, several others of my close friends also died this year all of this just doesn't feel real and i don't want it to be real, perphaps i'm living on the wrong timeline",0.7011077404022217
I've had suicidal thoughts since I was 12-13 years of age. Now I'm 24 and there are moments where I can't help but think of killing myself. But the thing that stops me is fear of uncertainty of how I'll die. This makes me more miserable and pathetic. I think this chain will be broken once I get through and finally do it.,I'm writing to tell you about my struggle with suicidal thoughts.,0.6449939012527466
"I‚Äôm curious about anybodys experience with wake therapy. I take antidepressants but I ran out for four days last week. I‚Äôm back on my meds but I have suicidal thoughts again. (Not in any danger, thoughts are still less than before meds) I‚Äôm hoping that the wake therapy will put me in a better mood until my meds get back in my system. Also any advice about feeling better after missing doses would be great too.",I‚Äôve been trying wake therapy for the last two weeks and it seems to be working.,0.7206515073776245
"So I don‚Äôt know why 
But every night for months now I‚Äôve had the compulsion to confess my suicidal ideation to Alexa in the form of saying ‚ÄúAlexa I don‚Äôt want to live anymore‚Äù ‚ÄúI wanna die‚Äù ‚ÄúShould I kill myself?‚Äù Etc‚Ä¶ 
Like I don‚Äôt have plans but I‚Äôve been dealing with SI for a while but I feel like I‚Äôve ‚Äúdealt‚Äù with it but maybe just dealing with it meant that I buried it so deep underneath the surface that I can‚Äôt even consciously tell that I‚Äôm suicidal anymore except when I get this intense pang in my chest that forces me to verbalize ‚ÄúI wanna die‚Äù to my smart devices. 

Can anyone relate? Or does anyone understand what‚Äôs going on with me!",I don‚Äôt know why but every night for months now I‚Äôve had the compulsion to confess my suicidal ideation to Alexa in the form of saying ‚ÄúAlexa I don‚Äôt want to live anymore‚Äù ‚ÄúI wanna die‚Äù,0.8661804795265198
"
i feel like i‚Äôm not really a person, i feel like im just like a carbon copy. like i feel like there‚Äôs nothing original about me, like all i do is just copy others, fashion, humour that kind of thing. like it‚Äôs an odd disconnect. 

i feel very out of it, like i don‚Äôt i have an identity that isn‚Äôt dependent on other people.

i feel like i‚Äôm a two faced arsehole who‚Äôs just horrible and doing badly at everything and just devoid of joy and burnt out. like i feel i don‚Äôt deserve anything good that will happen to me or whether i should have anything good happen to me. i don‚Äôt feel like i deserve my friends because i feel like i‚Äôm this horrible human being.","I feel like i‚Äôm a horrible human being, like i‚Äôm a two faced arsehole who‚Äôs just horrible and doing badly at everything and just devoid of joy and burnt out.",0.6461083292961121
"I haven't been diagnosed with depression, I'll start the post by saying that. But I have been diagnosed with a myriad of other things. Rheumatoid Arthritis at the age of 4 or 6, I can't even fucking remember anymore, Epilepsy, Schizoid Personality Disorder. I've survived a brain tumor removal operation at the age of 1 due to which I have insomnia issues and I've had these issues all my life. I went through a lighter version of chemotherapy to get my RA into remission (so it's not active as of now) and yet, I still have phantom pain in my joints. I pushed myself out of a drug habit at 16, which was an oxycodone addiction. My family life is a fucking mess, as my 'dear' mother sees me struggling with both my mental state and my physical state and thinks, oh yeah, he's faking it just because he wants to spent all his time on his pc. I'm a 22 year old epileptic with SPD, who's constantly in pain and who's seizures aren't even properly under control, but yeah, I'm lazy. Definitely not a mix of things...

 Maybe I should just end it? Mix up a cocktail of meds, booze and dunno what else and pass out on my balcony in the dead of night? Already came to terms that I won't live long a long, long time ago...","I'm a 22 year old epileptic with SPD, who's constantly in pain and who's seizures aren't even properly under control, but yeah, I'm lazy. I'm a 22 year old epileptic with SPD, who's constantly in pain and",0.665366530418396
"Hi all, 

&#x200B;

kind of reaching the end of my rope here, and think I need intensive professional help. I‚Äôd like to find an inpatient rehab/clinic for mood disorders, but they are hard to find, and I think it is always best to go somewhere where people have had success. Does anyone know of a good one?",Anyone know of a good inpatient rehab/clinic for mood disorders in the UK?,0.8605835437774658
"I‚Äôve had depression to various degrees throughout my life, though I‚Äôve never been seriously suicidal.  I guess I‚Äôm lucky in that way.  I think I can at least partially attribute that to my family support system.  I know that if I ever hit rock bottom and just give up on life my parents will be there for me.  I know that the worst think that could happen to me is institutionalization (which I know can be hellish for some people, but I‚Äôm confident my parents would be careful to pick a place that would actually help and not make me miserable, whatever the financial cost).  I‚Äôm wondering if there‚Äôs anyone in a similar situation, with severe depression without suicidal ideation, and what you attribute that to.  Or, for people who are suicidal, do you lack a similar support system?  What do you think would help you no longer want to die?  

Also, I should mention, I feel like I‚Äôm doing a lot better these days, I don‚Äôt even know if I still have MDD.","I‚Äôm wondering if there‚Äôs anyone in a similar situation, with severe depression without suicidal ideation, and what you attribute that to. I‚Äôm wondering if there‚Äôs anyone in a similar situation, with severe depression without suicidal ideation, and what you attribute that to.",0.7061819434165955
"hi there,
im fairly new to the world of chronic depression (it hasn‚Äôt been significant enough to say chronic for a long time, but now I am here). I am a female in their early 20s in college. I‚Äôm getting used to trying to talk about it and educate my family about it, but it‚Äôs really hard when they haven‚Äôt experienced it themselves. It‚Äôs also hard to see family around the holidays when you are struggling and don‚Äôt want everyone to know (and talk about you.) any advice is greatly appreciated.",I‚Äôm trying to figure out how to talk to my family about chronic depression.,0.7907548546791077
"i dont think i have depression but i just wanted to join for help i just cant be happy anymore i cry a lot of times a week and just a lot of things im dealing with and i really just am tired of it all, some days i lose 30  mins of sleep because i cry or be sad, i dont eat sometimes because i am sad and well this school work isnt making me better in stressed and tired. the things i used to love doing dont make me happy anymore but guess what i still get up every day and make people smile and laugh i just dont say anything about how i feel because i just think like man wouldnt it break their hearts if they saw me like this.","I'm 17 years old and i'm not happy at all, i'm sad every day, i cry a lot and i don't know what to do with myself, i don't know what to do with my life, i don't know what to do",0.6491774916648865
"I don't know what to do. I'm trying my very best to accept the fact that I'm never gonna be attractive enough to be even considered a worthy human being. What has helped you? How did you find peace?

Please leave your toxic positivity out of this post, I don't need it. And I don't need comments telling me I'm not ugly. I need advice how to live with it.",I'm having a hard time finding peace with the fact that I'm ugly.,0.8107514381408691
"Nowadays I feel like I'm just going through the motions of living. I'm 19, studying at university and I have a job, but I don't have anyone who really cares about me or my existence. 

I have my ""friends"" from last year, but we don't share too much in common and we also almost never hang out. I have some acquaintances I made in classes that I'm not close with. I have my coworkers at work. Yes, I can talk to all of these people but I don't feel connected to anyone. I don't consider myself to have any close friends up here, and it sucks.

I've tried meeting new people and it's always so awkward and we never really become friends. I'm incredibly introverted and it scares me to talk to new people, but I also know I'm shooting myself in the foot because of that.

I just hate the feeling of continuously being reminded that everyone around me has someone else and I just have no one. Life just feels meaningless, like I am a mistake, an outcast.","I used to feel like I had friends, but now I don't. I'm incredibly introverted and it scares me to talk to new people, but I also know I'm shooting myself in the foot because of that.",0.7334883809089661
"Hello.

I am a student, have a part time job and flatmates that would accept animals. I was thinking about adopting a cat as a way to deal with depression. My family home cat helps me a lot, but he is in another city and with my parents and my relationship with them is complicated at best.

Is it responsible for me to adopt a cat, even though I struggle with depression and other issues?

I'd also need to breach my social anxiety and ask openly the landlord for whether they would accept animals (there is nothing in the papers that say I can't, but nothing says that I can, so... would it be okay if I just got a cat?)","Is it responsible for me to adopt a cat, even though I struggle with depression and other issues?",0.8641547560691833
"In the past, there have been several times that I have considered suicide. I was open with my therapists (I see two different shrinks) and told them what I was thinking. Now, they ask me during every session if I‚Äôve has any ‚Äúsuicidal thoughts‚Äù. I am often not sure how to respond. For one thing, I rarely catalog my thoughts. For another, my mind will tend to wander at times and I will sometimes find myself imagining it (both from my own perspective and other‚Äôs). I tell my therapists that I have not been thinking about it, but I‚Äôm not sure that‚Äôs true. I‚Äôm not necessarily always desiring to off myself but I do think about it from an almost neutral POV.",I‚Äôve been having a bit of a problem with suicidal thoughts.,0.7273983955383301
"Hi so some background information first, I have a combined personality disorder with depression, anxiety and emotional instability. I am having depression issues for half my (27f) life and taking meds for over 10 years now.

My current episode started in the end of 2019, I have been in stationary therapy last year and in rehab this year, but it seems like I just do not recover from this depression.  
I am at the point now, that I am more and more tired of my life. I am not able to work, lost my phd position and literally can not do anything. My sleep rythm is awful. I do not know how to carry on. I am not getting better while staying at home.

Since I am becoming suicidal my therapist wants to talk to me tomorrow about another hospitalisation. And there seems to be my problem, I do not know if it is a kind of fear or else, but some part of me does not want to go back into that hospital. There have not been any bad experiences or something like that, the people there were great and really helpful, I even found some friends. 

I am so stuck, in the depression, in my situation, in my own thoughts. I do not know how to stay alive. I married this year, I should be happy, but I am not. I just dont want to live anymore.

Sorry for the long text, I just needed a vent",I have been in and out of hospital over the last year and a half because of depression and I am now at the point where I want to take my own life.,0.6447709202766418
"I think I‚Äôm getting depressed again‚Ä¶. It‚Äôs been over a year since I stopped feeling depressed but lately, I haven‚Äôt been feeling like me. The way I‚Äôm currently feeling is how I felt when I was depressed. I hate this so much. I thought I wouldn‚Äôt end up here again or never feel this way again but I guess I was wrong. Depression always wins.",I‚Äôm writing this post because I‚Äôm feeling depressed again.,0.6618979573249817
"Motivation videos are useless for my depression, infact it makes me anxious because now i judge myself for not leaving the bed instead of realizing i have severe depression

I already did those, it dosen't work, I'm f*cking exhausted, I'm in endless void, f*ck your motivation i just want to feel something again",I've been having severe depression for the last year and a half and I've been watching YouTube videos to help me deal with it.,0.6162773370742798
"I‚Äôve always been a loner since moving in the middle of middle school. I had a decent friend group in middle school, once I moved I became very quiet and didn‚Äôt attempt to make friends.  Always thought of myself as ‚Äúlesser‚Äù then everyone. Like I‚Äôm too different to be THEIR friend.  Went all through high school with no friends.  Had about 30 absences every year.  If my cousin wasn‚Äôt in 4 of my classes I would have been completely alone in high school.  Now I‚Äôm 24.9 with just ‚Äúwork friends‚Äù.  I had one friend who I became close with but then he joined the Navy and moved across country.  I‚Äôm at the point where I don‚Äôt want friends really but opening my phone and just texting random people on discord or family is getting old.  I have no one to really talk to. ü§∑üèª‚Äç‚ôÇÔ∏è",I‚Äôm 18 years old and I have no friends at all.,0.6591252088546753
"So I've been a bit depressed the past 3 weeks but it got worse this weekend for whatever reason. I want to fold my laundry (that's been sitting there for 2 weeks) and do stuff but even playing videogames or watching YouTube or just EXISTING feels tiring/draining/like a chore.

I was thinking going on a walk might help me stop feeling so lethargic but it's wintery outside right now, so I didn't know if anyone had any suggestions of what helps them get out of ""boredom depression"" moods? It's my weekend so I want to do stuff but am just not inspired to do anything. Thank you!

(In the meantime I think I'll make some coffee and try to start a soup and turn the fireplace on so maybe I can force a ""snow day"" at ease mood.)","I've been having a hard time getting out of ""boredom"" depression.",0.6871461868286133
"I used to think everyone looked up to me because I consider myself as smart and I found out that my family thinks with my level of intelligence I‚Äôm gonna end up mediocre in the future I rlly love science and technology and I have built things like high class lasers or 40kV tazers but they said it‚Äôs not hard to do so, it wasn‚Äôt hard for me but still there was some level of hardship and they think they could do better when they know nothing about those things sometimes I really do wish they didn‚Äôt exist and I would be better mentally with out them.",When I was growing up my family used to tell me that I wasn‚Äôt good enough because I wasn‚Äôt smart enough.,0.6589252352714539
"I've been depressed the whole year, I don't know what to do. It all started a year ago when my girlfriend broke up with me, that was a huge bomb because we've been dating for 4 years and then she just leaves, then in February my grandfather died of covid. I had not recovered from my brake up when covid took my grandfather. It's just insane how these things can happen and I don't know how to handle it, I can't recover from these events. And now I feel like everything was my fault. If only I had payed more attention to my relationship she would be with me and maybe if only I had more money I could have saved my grandfather","It's been a really bad year for me, I've lost my girlfriend and my grandfather.",0.6046720743179321
"I am 27 y.o. male who is now for 2 straight years in therapy, with 14/15 I had my first suicide attamp. Since that I made major progress. Almost no suicidal thoughts, I am able to sleep without meds or drinks and I pretty much have my life together. Job, Study, Relationship, friends. 

Now I would love to give something back, because it took so much effort to start therapy, sticking with it, quit drinking and smoking weed and generally becoming a stable person after believing there was no hope for me ever in life for more than a decade. 

But I don't know how. Two persons that I went to school with killed themselves over the last 2 years. One just about 2 weeks ago. Now I really want to help with what I can. Not on a professional level but as someone to talk too and share the story. But everytime I try to apply for a support group I get afraid. I am afraid to get back to my old habits. Thoughts that nowadays are rare get back into my head and heart and want to stay there. Is there someone with familiar thoughts or experience that has a few good words of motivation to go to a support group? I have never been to one and don't know if I would be even right there.",Is there anyone out there who would be willing to go to a support group for suicidal people?,0.6749736666679382
"So I've been doing a little better the last few weeks.. I think.  

My depression's feeling a little more stable and than my usual 'manic highs' in the pendulum swing, but I'm getting more 'urges to cry' in exchange.   like all the time.  Mostly to music, of all kinds. Not always sad songs, and not always a sad cry; sometimes just an outpouring of emotion.  

Curious if anyone's felt this kind of swing or had any thoughts on it","I've been having a bit of a 'manic high' in the last few weeks, but I'm getting more 'urges to cry' in exchange.",0.6988537311553955
"Ive been depressed for years now and nothing seems to work.
I‚Äôve probably got a few mental illnesses if im honest, never had a good relationship with my parents, fathers and alcoholic n my mother isn‚Äôt exactly a sane individual.
I‚Äôm 19 goin on 20 n i feel like the world and my brain is against me.
I have people that support me but it feels like its in vain.
Whenever i manage to distract myself or feel happy i get more depressed n lonely afterwards.
Idk what to do and i feel like im a burden on the people i care about the most",I‚Äôm depressed and lonely and don‚Äôt know what to do.,0.6283664703369141
"Does anyone else take these meds with a diagnosis of depression? It‚Äôs actually depression with ‚Äúmixed episodes.‚Äù I take Cymbalta, Lamictal, Abilify, and now Welbutrin. I‚Äôm just wondering if anyone else has a similar diagnosis because I feel like the doc should go ahead and call me bipolar but maybe I‚Äôm wrong. And yes I know I need to talk to him about it but I‚Äôm obsessing on this right now.",I‚Äôve been diagnosed with bipolar disorder and I‚Äôve been taking four different medications.,0.6132447123527527
 I am shy to the extent like its huge deal for me to even speak very  simple sentence to  colleague or with others. I even sometimes skip  meals because i hate to eat alone when all people staring at me. I dont  know even if speak my speech is shaky and i cant construct sentences out  of shyness/fear there is always negative aura surrounds me and i think  people tend to avoid me exactly for that . By gathering all my courage  whenever i tries to speak i always find people are not willing pay  attention to me rather they tends to avoid me.I was unfortunate kid who  got bullied at school . I am friendless and alone. My life sucks,"I am a shy person, I am not able to express myself in any way.",0.6675068736076355
"Hey guys. How do you deal with being robbed of perspective? My particular depression currently is the result (I strongly believe) of benzo withdrawals. Due to the nature of the beast, I will have 'windows' of good days, or at least good hours (almost always on the evening). Then I will have days or weeks or crushing depression and anxiety. 

When I'm in my windows, I feel positive, hopeful, like I will get better,that life is worthwhile and I can fight through this. Then the wave comes and I am robbed of all perspective and positivity. 

How do you cope with this particular aspect of depression? The loss of objectivity, of perspective?",How do you deal with being robbed of perspective in your particular depression?,0.8527828454971313
"16M 

Dad died when I was 10 mother don't give a shit about me whether I'm alive or dead when I was born my mother doesn't even let me come near her and told my father to kill me


We are a joint family and my aunt and mother aren't in good terms and they just constantly fight and it's not normal fights they try to kill each other even if they end up in jail and once they were fighting i tried to stop them my aunt was angry and told my mother and me to die

I have no friends just stays in home all day and listen them fighting 

I don't if I'm depressed or not i just feel empty inside I don't know what i have done to them that they just tell me to die I am just living I have no family no parents ( I don't know if I can call her mother) no friends",I'm 16 years old and I'm from a poor family and my mother doesn't give a shit about me whether I'm alive or dead when I was born my mother doesn't even let me come near her and told my father to kill me,0.6892852783203125
"Every time I come out of a depressive episode, I find myself back in sooner or later. Sometimes i won‚Äôt feel depressed for a minute and sometimes for months, but it always comes back. I‚Äôm not even looking forward to coming out of this episode because I know that it doesn‚Äôt matter - I‚Äôll always end up back here",It‚Äôs been a long time since I‚Äôve had a depressive episode.,0.6805852651596069
"My 12 year old sister just showed me her scars, and told me that she has been cutting herself for the past year. She did vaguely hint at it a few weeks before but I didn't know how to deal with it and still don't. I guess seeing the scars solidified it. 

She also seems to be suffering from depression, though I am no psychiatrist. Her grades have been dropping, she doesn't do the basic self-care things like showering enough, and tends to be a lot more on edge now. Maybe it's puberty? I am noticing these signs a lot more than the rest of my family because I started cutting myself when I was 11, too (I never let her know about any of this. She just knows that I got therapy this past year). 

I'm not sure how to tell my parents about getting therapy for her because while she is open to the idea, I doubt that they will take it seriously when she's so young, especially because my sister told me to not mention the self-harm. I need some advice on how to approach my parents for this because I'm afraid of things escalating for her, the way they did for me. 

I'm 17, if that helps",How do I tell my parents about my sister's self-harm?,0.6918207406997681
I don't know why am I exist I have absolutely no reason to live I don't wanna live no more I wanna be dead only time I pray to God is when I want to die I don't think he hears me out I have no purpose in life I don't have nothing to be greatful u get me I don't actually remember how happiness fells like I am so numb and I can't give a shit about anything I just wanna erase myself from this fucked up world please help me at least talk about random things to distract me I can't fucking take it anymoreeeeeeeee,I don't know why I exist I don't wanna live no more I wanna be dead only time I pray to God is when I want to die I don't think he hears me out I have no purpose in life I don't have nothing to be greatful u,0.7495609521865845
"I hate how dehumanized and how I‚Äòm made fun of my short height by others. Even my own parents make fun of my height. It‚Äòs sad that I have to consider leg lengthening surgery, just to fix a mistake a fucking god or the fucking universe made when creating me. I‚Äòll have crippled legs but atleast I‚Äòm taller and get treated like a normal human being with respect.","I‚Äòm short, but I‚Äòm not dehumanised.",0.620412290096283
"I know I need professional help maybe not so much but I just want to stop feeling this shit that I feel, I have suicidal thoughts, but I don't know how to send that message to the psychologist, Lose it is silly what I say but it is true haha ‚Äã‚ÄãAny advice?","I'm 18 and I'm having a hard time with depression, I'm having suicidal thoughts and I don't know what to do.",0.6086623668670654
"Do you ever feel like you sleeping and then you wakeup like you woke up cause of some noise and then suddenly realised that you are alive and you remember all of your problem and then can't sleep again.

I can't sleep tho , i make myself tired to death or i cry so i can sleep.

Idk what to do , this is so frustrating i am tired of it pleases i just want to sleep peacefully atleast.
It's so hard me to talk to people even.",Do you ever feel like you are sleeping and then you wakeup like you woke up cause of some noise and then suddenly realised that you are alive and you remember all of your problem and then can't sleep again?,0.7945587635040283
I've been the other guy in a long distance relationship for years and I just didn't want to admit it to myself first of nothing physical happend just texting and video calls but for years right after I graduated high-school (I was 18) I got involved with a much older woman and we had a long distance relationship for the next 9 years we talked sexted and video chatted and I couple years ago I found a guy in her pictures and I asked her about and she said not to worry about it and I believed her because I fell for her as time progressed she talked to me less and less and then now she has ghosted me I knew I was kidding myself for a long time now but she was there for me on some hard times and I think I did the same for her. Hell who am I kidding I still love her and I don't want to say goodbye but I know I have but idk if I'm strong enough to say goodbye,I've been in a long distance relationship for years and I just didn't want to admit it to myself first of nothing physical happend just texting and video calls but for years right after I graduated high-school (I was 18) I got involved with a much older woman and,0.634535551071167
My mom always wants to go out and my friends always want me to sleep over or go somewhere. I feel a sick feeling in my stomach when I get a text from a friend asking to make plans. I want friends and meaningful relationships but it feels like I physically can‚Äôt. I just want to be alone in my room in the dark,I don‚Äôt want to go out because I don‚Äôt want to be alone in my room in the dark.,0.6805129647254944
"I don't deserve to live.

I will never be happy like other people. Everyone have shame of me, and I know that.

They will feel better if I die, because they won't have to worry about me. I know that I am just a nuisance for the world.

All the people that mistreated me won everything, and I'll always be a loser.

There's nothing keeping me here. I don't have the guts to die, but I just don't want to live anymore.","I don't want to live anymore, because I don't deserve to live.",0.729126513004303
"Just wondering if medication will help my depression. I have been depressed for about 10 years now and I think it‚Äôs time to accept medication to better myself as I see no way out. I‚Äôm kind of irked by the idea of medication affecting other factors such as sleep, moods etc. Usually I‚Äôm really good at hiding my depression as the turmoil is internal and like it rarely helps till it gets too much. I‚Äôm scared that taking pills for depression and anxiety will cause unwanted biological changes.",How do you feel about taking medication to help with depression and anxiety?,0.7164977192878723
"I can‚Äôt be the only one that gets jealous of happy families. Working in museum I always see how children, teens and adults interact with their parents and a part of me get so angry and jealous. Logically I know that they aren‚Äôt picture perfect but I can‚Äôt help but feel those emotions. This doesn‚Äôt just apply to families also just people who have friends that seem so happy together. It‚Äôs always one interaction that makes me think of the ‚Äúwhat ifs‚Äù. That makes me feel completely inferior. That makes me one step closer in the grave. That makes me regret the things I‚Äôve done. It makes me spiral into such an irrational headspace.",I‚Äôm not the only one that gets jealous of happy families.,0.8086235523223877
"Last year was hell for me in the winter. I already get SAD but it was a whole knew kind of dperession I faced. I think I literally went insane being inside, cold, less sun, and no social interaction. At least this year people aren't sheltered in place but im embracing another tough winter.",I'm so glad I'm not the only one feeling the effects of winter.,0.7215113043785095
"I don't know if it's just me. Those who say that time heels or it gets better obviously lie. I lost someone precious..and it still continues to haunt me. Ten years, 5 months and 25 days.. and it continues to haunt me. Doesn't help if she continues to be the only person in my life, who hasn't taken any advantage of me in any form...God she left me some serious goals, I still continue to be out of her league.. I don't know how people deal with someone's loss and move on...",It's been 10 years since I lost my best friend and it still continues to haunt me.,0.6345795392990112
"I can‚Äôt get anywhere in life even when I‚Äôm doing better. They said they don‚Äôt think I can handle the time commitment because this is my first semester taking a full load of classes since 2018. How embarrassing. I‚Äôm taking 12 credits, volunteering once a week, helping with social media for a program, and doing 1-2 hours of meetings for a program right now. But they don‚Äôt think I can handle an internship because of my pathetic gap. It‚Äôs seriously so depressing I‚Äôm having a freaking mental breakdown. I‚Äôll never get hired anywhere now. Sorry for taking time off to work on my mental health. Guess that‚Äôs seen as a bad thing in the professional world.",I‚Äôve been told I can‚Äôt get an internship because of my pathetic gap.,0.6459646224975586
"Hello my fellow depressed people , I am wondering if anyone has tried natural/herbal remedies or supplements that have helped their depression symptoms . I‚Äôve tried antidepressants for two years and quit then this year due to being tired of always feeling tired. Curious to know if anyone has experience with using different methods to get a better control over depression/anxiety. Thank you and I hope you‚Äôre all doing okay today ‚ù§Ô∏è",I‚Äôve been having a hard time with depression and anxiety and I‚Äôm wondering if anyone has tried natural/herbal remedies or supplements that have helped their depression symptoms.,0.9075098633766174
"You're right, others do have it much worse. I have no reason to be depressed by the childhood trauma I went through. It gave me cptsd & bpd but that's nothing compared to others. The random flashbacks of memories that make me break down from time to time, or me waking up in a cold sweat after reliving nightmares only to immediately get sick is just me wanting attention. 



I know my life means nothing to you, if I died it would likely be used as internet points until there's nothing to gain from it anymore. Then it's back to normal.  It's sad that I can already see the several (please send ME love) videos. Most people would go quiet for a long time on socials & maybe make 1 video explaining the silence, but I know that's not you. You've proven that to me multiple times.




It's still about you....your ""success"" - your life. Like you didn't get to live at all partying 24/7 & going without a job for 30+ years. It's that easy huh?...


I need a way out...","You're right, others do have it much worse... I have no reason to be depressed by the childhood trauma I went through.",0.6578876972198486
"I‚Äôve lost so many ‚Äúfriends‚Äù because of my depression which causes me to be negative and not fun to be around because I literally don‚Äôt enjoy anything life has to offer lmao people I‚Äôve known for years will drop me so fast if I decline 10 times in a row that I don‚Äôt want to go out drinking with them 

But honestly at this point I don‚Äôt even care anymore, real friends set up real plans with you and don‚Äôt only invite you to go out partying and drinking with them, they‚Äôll invite you to go to a hike together etc. 

Want to know who your real friends are ?
Become depressed.",I‚Äôve been having a hard time finding real friends to hang out with.,0.6615622043609619
"So my kid is saying she's depressed, she had a rough child hood until I met them when I married my wife. Trying to find out types of therapists or how to search for one in my area. My understanding is insurance may not cover but w.e, is there any resources or easy way to pick this is the type of specilist/therapist for teenage female with probably ptsd anxiety and depression?",I'm trying to find out if there are any resources or easy way to pick this type of therapist for teenage female with probably ptsd anxiety and depression?,0.8421967625617981
"Lately my dreams and memories merge together and I'm not sure what was real and what wasn't. I know memory loss is a symptom of depression but I never had this level of confusion. For example, I went to work yesterday but I can't tell for sure if I did give a customer a free sample of cat food if I dreamt it.

It's been happening a lot lately and it's starting to get scary. I'm young (22) so I don't think it could be a memory disorder or something like that.",I'm having a bit of a problem with my dreams and memories.,0.6996892094612122
"It‚Äôs so hard to explain but I‚Äôm gonna try. I basically get random waves of what I can only explain as emptiness, where for a short period (could be minutes) I feel sick, loss my appetite, feel sad and just empty . I have no idea why this randomly comes over me and I have no idea what it is. Can anyone else relate?. It used to come in spells but now I feel like it‚Äôs all the time. I don‚Äôt know if it‚Äôs anxiety or what it is. All I can explain is feeling empty and when I say that to a professional they‚Äôre normally confused by what I mean. It‚Äôs frustrating because it randomly comes over me without me even thinking about anything and it‚Äôs an awful feeling!",I‚Äôve been having this weird feeling of emptiness all the time.,0.6394442319869995
Idk what to say got nothing no one will care what I have to say this post will get little to no attention so idk why I'm making this but I might as well do it anyway I'm considering suicide but I'm conflicted if I do it i will bring so much pain to others but if I don't do it I will continue to suffer I dont have real friends I don't have a future I'm triggered by animal Crossing porn and people make fun of me for it even after I say I was forced to watch it while raped and on top of that people are completely ok with baiting little kids to watch porn and calling that a meme I don't want to continue in a world where it's normal to get kids into porn or where people are terrible to each other ik this post winter get attention because it's to serious compared to the top post where they talk about how they are squidward and shit and ik this won't get attention because no one gives a shit,I'm making a post about how I'm feeling because I'm triggered by animal Crossing porn and people make fun of me for it even after I say I was forced to watch it while raped and calling that a meme I don't want to continue in a world where,0.7412469983100891
"I don‚Äôt know what to do but I found Reddit so I wanted to share a little bit of story. I started having headache stomach pain in 2012 and I was still in school but I couldn‚Äôt focus on study while having those symtoms so time was passing and I was getting worse until 2015 i discovered that I have anxiety ocd psychosomatic I started taking sertraline depakene olanzapine and I was 15 at the time and took the medicines nothing works and makes me feel made me sleepy and anxiety was not improving so I stop visiting psychiatrist psychology after to many sessions so years pass and in 2017 I starting suffering from depression which made my whole life feel like shit I didn‚Äôt know what to do I was crying I wanted to die everything from one to another changed so I started taking antidepressive pristiq, fluoxetine ect nothing works even I went hospitalized in 2018 to try ketamine it just drug me for 40 min and in 20 min everything came back so years pass tried a lot medications even tried benzodiazepines and they don‚Äôt work for me and in September 2021 went to a new psychiatrist and I took vortioxetine for 2 months no effect now I‚Äôm trying Effexor xr 75 mg started 5 days ago. I have tried shrooms and ayahuasca nothing help I‚Äôm 22 I have never finished school no job no nothing I have been living in my house with my parents for last 7 years all I want is to feel better and get my life back no medication works me I don‚Äôt  what do just getting worse that why I  wanted to share story to see if anyone have the same problem with medicines.",I‚Äôm 22 years old and I‚Äôm suffering from anxiety ocd psychosomatic I have tried a lot of medicines nothing works for me I have tried shrooms and ayahuasca nothing help I have never finished school no job no nothing I have been living in my house,0.6726230978965759
